Date,Ref,S3,S4,S1,S2
04.06.2021 01:00,9.8,7.06,7.25,2.74,2.55
04.06.2021 02:00,10.1,7.05,7.34,3.05,2.76
04.06.2021 03:00,10.6,7.32,8.63,3.28,1.97
04.06.2021 04:00,11.2,7.86,9.28,3.34,1.92
04.06.2021 05:00,11.7,9.72,9.92,1.98,1.78
04.06.2021 06:00,11.8,9.34,10.48,2.46,1.32
04.06.2021 07:00,11.5,8.14,8.75,3.36,2.75
04.06.2021 08:00,11,6.85,8.17,4.15,2.83
04.06.2021 09:00,10.4,6.92,6.89,3.48,3.51
04.06.2021 10:00,6.2,4.69,5.4,1.51,0.8
04.06.2021 11:00,5.5,3.64,4.22,1.86,1.28
04.06.2021 12:00,4.7,3.7,3.83,1,0.87
04.06.2021 13:00,4.7,3.92,3.85,0.78,0.85
04.06.2021 14:00,4.7,3.36,3.06,1.34,1.64
04.06.2021 15:00,4.6,3.46,3.82,1.14,0.78
04.06.2021 16:00,5.1,3.94,4.04,1.16,1.06
04.06.2021 17:00,5.4,3.92,4.15,1.48,1.25
04.06.2021 18:00,6.5,5.28,5.06,1.22,1.44
04.06.2021 19:00,6.6,4.9,5.05,1.7,1.55
04.06.2021 20:00,6.4,4.67,5.43,1.73,0.97
04.06.2021 21:00,6.8,5.42,5.13,1.38,1.67
04.06.2021 22:00,8.9,6.79,6.96,2.11,1.94
04.06.2021 23:00,10.2,7.61,7.31,2.59,2.89
05.06.2021 00:00,3.9,3.18,3.48,0.72,0.42
05.06.2021 01:00,2.9,3.17,3.74,0.27,0.84
05.06.2021 02:00,3,3.37,3.47,0.37,0.47
05.06.2021 03:00,3.4,4.29,4.02,0.89,0.62
05.06.2021 04:00,3.7,3.35,3.32,0.35,0.38
05.06.2021 05:00,4.4,4.82,5.05,0.42,0.65
05.06.2021 06:00,4.3,4.74,4.7,0.44,0.4
05.06.2021 07:00,4.1,3.78,4.49,0.32,0.39
05.06.2021 08:00,4.4,4.68,4.72,0.28,0.32
05.06.2021 09:00,3.6,3.23,3.72,0.37,0.12
05.06.2021 10:00,2.6,3.19,2.72,0.59,0.12
05.06.2021 11:00,3.2,3.12,3.21,0.08,0.01
05.06.2021 12:00,2.3,2.53,2.83,0.23,0.53
05.06.2021 13:00,1.6,2.73,2.6,1.13,1
05.06.2021 14:00,1.2,2.89,2.63,1.69,1.43
05.06.2021 15:00,1.8,2.78,3.29,0.98,1.49
05.06.2021 16:00,1.8,2.83,2.97,1.03,1.17
05.06.2021 17:00,1.8,2.83,2.97,1.03,1.17
05.06.2021 18:00,2,2.68,2.54,0.68,0.54
05.06.2021 19:00,2.5,2.7,3.36,0.2,0.86
05.06.2021 20:00,3.1,3.54,3.65,0.44,0.55
05.06.2021 21:00,3.3,3.35,3.75,0.05,0.45
05.06.2021 22:00,4.1,4.28,3.93,0.18,0.17
05.06.2021 23:00,4.5,4.79,3.92,0.29,0.58
06.06.2021 00:00,3.8,3.54,4.11,0.26,0.31
06.06.2021 01:00,3.2,2.51,2.97,0.69,0.23
06.06.2021 02:00,3.4,3.72,3.44,0.32,0.04
06.06.2021 03:00,3.4,3.55,3.54,0.15,0.14
06.06.2021 04:00,2.2,3.05,3.39,0.85,1.19
06.06.2021 05:00,2,3.47,3.44,1.47,1.44
06.06.2021 06:00,2.7,3.94,4.44,1.24,1.74
06.06.2021 07:00,3.5,4.7,4.59,1.2,1.09
06.06.2021 08:00,3.5,3.95,4.41,0.45,0.91
06.06.2021 09:00,3.3,4.05,4.65,0.75,1.35
06.06.2021 10:00,3,3.51,3.72,0.51,0.72
06.06.2021 11:00,2.7,2.86,3.29,0.16,0.59
06.06.2021 12:00,2.9,3.02,3.08,0.12,0.18
06.06.2021 13:00,3.6,3.2,3.95,0.4,0.35
06.06.2021 14:00,2.6,2.8,2.87,0.2,0.27
06.06.2021 15:00,1.8,2.68,2.99,0.88,1.19
06.06.2021 16:00,1.5,2.43,2.54,0.93,1.04
06.06.2021 17:00,2,2.8,3.27,0.8,1.27
06.06.2021 18:00,3.1,3.46,4.55,0.36,1.45
06.06.2021 19:00,3.9,4.94,4.37,1.04,0.47
06.06.2021 20:00,3.5,4,4.31,0.5,0.81
06.06.2021 21:00,3.3,3.85,4.68,0.55,1.38
06.06.2021 22:00,3.3,4.08,4.77,0.78,1.47
06.06.2021 23:00,4.2,5.23,5.43,1.03,1.23
07.06.2021 00:00,4.3,4.38,4.87,0.08,0.57
07.06.2021 01:00,5.2,6.22,6.75,1.02,1.55
07.06.2021 02:00,7.5,9.09,9.71,1.59,2.21
07.06.2021 03:00,8.4,9.14,10.73,0.74,2.33
07.06.2021 04:00,10.2,12.2,12.88,2,2.68
07.06.2021 05:00,11.1,11.97,13.9,0.87,2.8
07.06.2021 06:00,12.1,13.03,15.47,0.93,3.37
07.06.2021 07:00,13.3,14.71,16.32,1.41,3.02
07.06.2021 08:00,14.1,15.5,16.15,1.4,2.05
07.06.2021 09:00,12.5,13.96,15.96,1.46,3.46
07.06.2021 10:00,5.4,6.5,7.09,1.1,1.69
07.06.2021 11:00,6.6,6.9,8.11,0.3,1.51
07.06.2021 12:00,5,5.35,6.01,0.35,1.01
07.06.2021 13:00,4.1,4.47,4.79,0.37,0.69
07.06.2021 14:00,3.9,3.98,4.18,0.08,0.28
07.06.2021 15:00,3.1,2.84,3,0.26,0.1
07.06.2021 16:00,4.7,5.22,5.29,0.52,0.59
07.06.2021 17:00,5.9,6.86,6.87,0.96,0.97
07.06.2021 18:00,3.9,4.49,3.68,0.59,0.22
07.06.2021 19:00,2.6,3.32,3.76,0.72,1.16
07.06.2021 20:00,3.2,3.95,4.07,0.75,0.87
07.06.2021 21:00,3,4.01,3.93,1.01,0.93
07.06.2021 22:00,3.6,3.75,4.67,0.15,1.07
07.06.2021 23:00,4,4.83,4.78,0.83,0.78
08.06.2021 00:00,5,5.31,5.7,0.31,0.7
08.06.2021 01:00,5.3,5.92,7.16,0.62,1.86
08.06.2021 02:00,4.4,5.53,6.23,1.13,1.83
08.06.2021 03:00,3.2,3.98,4.63,0.78,1.43
08.06.2021 04:00,3.1,3.52,4.99,0.42,1.89
08.06.2021 05:00,3.8,4.89,4.76,1.09,0.96
08.06.2021 06:00,4.3,5.36,5.66,1.06,1.36
08.06.2021 07:00,4.8,6.46,6.98,1.66,2.18
08.06.2021 08:00,4.3,5.03,5.13,0.73,0.83
08.06.2021 09:00,4.8,5.68,6.29,0.88,1.49
08.06.2021 10:00,5.3,5.84,6.2,0.54,0.9
08.06.2021 11:00,5.2,5.87,5.47,0.67,0.27
08.06.2021 12:00,5.2,4.91,5.02,0.29,0.18
08.06.2021 13:00,5.5,5.46,5.94,0.04,0.44
08.06.2021 14:00,5.4,4.56,5.11,0.84,0.29
08.06.2021 15:00,7.8,7.71,8.29,0.09,0.49
08.06.2021 16:00,11.1,10.64,10.69,0.46,0.41
08.06.2021 17:00,13.5,11.9,12.6,1.6,0.9
08.06.2021 18:00,7.6,6.39,7.73,1.21,0.13
08.06.2021 19:00,6.5,5.65,7.08,0.85,0.58
08.06.2021 20:00,6.7,7.86,8.17,1.16,1.47
08.06.2021 21:00,8,9.57,10.82,1.57,2.82
08.06.2021 22:00,8.6,8.24,9.98,0.36,1.38
08.06.2021 23:00,7.4,7.52,8.05,0.12,0.65
09.06.2021 00:00,7.1,7.92,8.42,0.82,1.32
09.06.2021 01:00,7.4,7.38,8.14,0.02,0.74
09.06.2021 02:00,8.1,9.6,10.49,1.5,2.39
09.06.2021 03:00,8.6,8.81,9.68,0.21,1.08
09.06.2021 04:00,9.3,9.22,10.53,0.08,1.23
09.06.2021 05:00,9.7,9.9,11.12,0.2,1.42
09.06.2021 06:00,9.9,11.07,11.55,1.17,1.65
09.06.2021 07:00,13.4,14.2,16.2,0.8,2.8
09.06.2021 08:00,12.3,12.87,14.75,0.57,2.45
09.06.2021 09:00,13.1,13.84,14.43,0.74,1.33
09.06.2021 10:00,12.6,11.76,12.21,0.84,0.39
09.06.2021 11:00,12.8,10.65,11.28,2.15,1.52
09.06.2021 12:00,13.3,10.31,11.23,2.99,2.07
09.06.2021 13:00,13.5,10.81,11.15,2.69,2.35
09.06.2021 14:00,13.9,10.94,11.71,2.96,2.19
09.06.2021 15:00,14.7,10.87,11.73,3.83,2.97
09.06.2021 16:00,11.9,9.15,9.68,2.75,2.22
09.06.2021 17:00,8,6.5,7.07,1.5,0.93
09.06.2021 18:00,8.5,6.97,7.24,1.53,1.26
09.06.2021 19:00,9.1,7.27,8.1,1.83,1
09.06.2021 20:00,8.7,6.47,8.08,2.23,0.62
09.06.2021 21:00,8.9,7.32,7.48,1.58,1.42
09.06.2021 22:00,9.7,7.88,8.1,1.82,1.6
09.06.2021 23:00,10.4,7.96,9.02,2.44,1.38
10.06.2021 00:00,10.8,8.19,10.46,2.61,0.34
10.06.2021 01:00,9.8,9.02,9.4,0.78,0.4
10.06.2021 02:00,8.6,7.46,7.83,1.14,0.77
10.06.2021 03:00,8,7.08,8.05,0.92,0.05
10.06.2021 04:00,7.9,6.8,8.08,1.1,0.18
10.06.2021 05:00,8.1,7.99,7.52,0.11,0.58
10.06.2021 06:00,7.9,7.27,8.09,0.63,0.19
10.06.2021 07:00,7.9,8.07,7.81,0.17,0.09
10.06.2021 08:00,8.6,7.65,7.17,0.95,1.43
10.06.2021 09:00,7.2,5.62,5.85,1.58,1.35
10.06.2021 10:00,6.4,6.01,5.62,0.39,0.78
10.06.2021 11:00,9.9,8.4,8.14,1.5,1.76
10.06.2021 12:00,11.2,8.76,9.82,2.44,1.38
10.06.2021 13:00,10,7.97,8.57,2.03,1.43
10.06.2021 14:00,9.3,6.83,8.26,2.47,1.04
10.06.2021 15:00,8.7,7.04,7.49,1.66,1.21
10.06.2021 16:00,8.2,6.75,8.32,1.45,0.12
10.06.2021 17:00,8.1,6.57,7.07,1.53,1.03
10.06.2021 18:00,6.6,5.74,5.99,0.86,0.61
10.06.2021 19:00,4.2,4.1,4.53,0.1,0.33
10.06.2021 20:00,3.8,3.58,4.34,0.22,0.54
10.06.2021 21:00,5.2,4.53,5.62,0.67,0.42
10.06.2021 22:00,6.3,5.07,5.61,1.23,0.69
10.06.2021 23:00,7,6.07,6.51,0.93,0.49
11.06.2021 00:00,8.2,7.59,7.42,0.61,0.78
11.06.2021 01:00,8.3,6.83,7.91,1.47,0.39
11.06.2021 02:00,8.7,6.99,8.38,1.71,0.32
11.06.2021 03:00,9.2,7.75,8.51,1.45,0.69
11.06.2021 04:00,9.4,7.91,8.06,1.49,1.34
11.06.2021 05:00,9.4,8.32,9.05,1.08,0.35
11.06.2021 06:00,9.8,9.09,9.4,0.71,0.4
11.06.2021 07:00,10.2,9.65,9.79,0.55,0.41
11.06.2021 08:00,10.2,8.95,8.96,1.25,1.24
11.06.2021 09:00,9.1,7.14,8.34,1.96,0.76
11.06.2021 10:00,9.6,8.08,8.72,1.52,0.88
11.06.2021 11:00,8.8,7.21,7.42,1.59,1.38
11.06.2021 12:00,8,6.11,7.1,1.89,0.9
11.06.2021 13:00,8.2,6.77,7.67,1.43,0.53
11.06.2021 14:00,8.3,6.61,7.08,1.69,1.22
11.06.2021 15:00,9.1,7.58,7.54,1.52,1.56
11.06.2021 16:00,9.5,7.11,7.79,2.39,1.71
11.06.2021 17:00,8.1,6.13,7.27,1.97,0.83
11.06.2021 18:00,9.1,6.76,7.95,2.34,1.15
11.06.2021 19:00,9.8,7.34,7.47,2.46,2.33
11.06.2021 20:00,11.4,9.17,9.04,2.23,2.36
11.06.2021 21:00,13,9.98,9.38,3.02,3.62
11.06.2021 22:00,13.9,10.95,10.83,2.95,3.07
11.06.2021 23:00,15.8,12.44,14.05,3.36,1.75
12.06.2021 00:00,15.6,11.79,12.49,3.81,3.11
12.06.2021 01:00,14.8,11.17,12.82,3.63,1.98
12.06.2021 02:00,14.9,12.23,12.98,2.67,1.92
12.06.2021 03:00,15.1,12.58,13.22,2.52,1.88
12.06.2021 04:00,14.8,11.81,13.15,2.99,1.65
12.06.2021 05:00,14.1,12.46,12.99,1.64,1.11
12.06.2021 06:00,13.2,11.23,10.94,1.97,2.26
12.06.2021 07:00,13.7,11.76,11.46,1.94,2.24
12.06.2021 08:00,13.6,10.4,12.04,3.2,1.56
12.06.2021 09:00,13.2,10.8,11.64,2.4,1.56
12.06.2021 10:00,12,9.07,9.75,2.93,2.25
12.06.2021 11:00,12.2,8.99,9.88,3.21,2.32
12.06.2021 12:00,12,8.67,9.66,3.33,2.34
12.06.2021 13:00,12,9.1,9.16,2.9,2.84
12.06.2021 14:00,11.7,8.08,10.02,3.62,1.68
12.06.2021 15:00,13.4,9.62,11.14,3.78,2.26
12.06.2021 16:00,14,10.46,10.74,3.54,3.26
12.06.2021 17:00,12,8.66,8.71,3.34,3.29
12.06.2021 18:00,5.3,4.23,4.15,1.07,1.15
12.06.2021 19:00,3.7,3.05,3.35,0.65,0.35
12.06.2021 20:00,3.6,3.33,3.74,0.27,0.14
12.06.2021 21:00,4,3.3,3.22,0.7,0.78
12.06.2021 22:00,4.8,3.45,3.82,1.35,0.98
12.06.2021 23:00,5.6,4.35,4.48,1.25,1.12
13.06.2021 00:00,5,3.7,3.78,1.3,1.22
13.06.2021 01:00,5.1,4.25,4.5,0.85,0.6
13.06.2021 02:00,4.9,3.97,5.17,0.93,0.27
13.06.2021 03:00,5.2,4.17,5.02,1.03,0.18
13.06.2021 04:00,5.5,4.56,4.85,0.94,0.65
13.06.2021 05:00,5.5,4.83,5.37,0.67,0.13
13.06.2021 06:00,6,5.4,6.08,0.6,0.08
13.06.2021 07:00,7.1,7.12,7.06,0.02,0.04
13.06.2021 08:00,8.3,8.36,8.12,0.06,0.18
13.06.2021 09:00,8.7,8.04,7.72,0.66,0.98
13.06.2021 10:00,8.5,7.1,7.09,1.4,1.41
13.06.2021 11:00,7.4,5.94,6.3,1.46,1.1
13.06.2021 12:00,7.2,5.88,6.17,1.32,1.03
13.06.2021 13:00,6.6,5.15,5.55,1.45,1.05
13.06.2021 14:00,6.4,4.81,5.83,1.59,0.57
13.06.2021 15:00,5.7,5.09,5.67,0.61,0.03
13.06.2021 16:00,5.9,4.73,5.84,1.17,0.06
13.06.2021 17:00,6,4.65,4.79,1.35,1.21
13.06.2021 18:00,6,5.2,5.45,0.8,0.55
13.06.2021 19:00,5.7,4.46,4.91,1.24,0.79
13.06.2021 20:00,6,5.22,5.33,0.78,0.67
13.06.2021 21:00,6.3,4.17,5.02,2.13,1.28
13.06.2021 22:00,7.2,5.34,6.2,1.86,1
13.06.2021 23:00,7.5,4.99,5.33,2.51,2.17
14.06.2021 00:00,6,4.69,4.22,1.31,1.78
14.06.2021 01:00,5.1,4.07,4.45,1.03,0.65
14.06.2021 02:00,5.1,4.1,3.99,1,1.11
14.06.2021 03:00,5.2,3.62,4.17,1.58,1.03
14.06.2021 04:00,5.2,4.25,4.15,0.95,1.05
14.06.2021 05:00,5.2,4.62,4.38,0.58,0.82
14.06.2021 06:00,5.9,4.43,4.23,1.47,1.67
14.06.2021 07:00,6.4,4.18,4.44,2.22,1.96
14.06.2021 08:00,6.1,4.9,4.41,1.2,1.69
14.06.2021 09:00,6.2,4.62,4.91,1.58,1.29
14.06.2021 10:00,6.9,4.84,4.78,2.06,2.12
14.06.2021 11:00,7.3,5.07,5.96,2.23,1.34
14.06.2021 12:00,7.4,5.25,4.95,2.15,2.45
14.06.2021 13:00,7.2,5.16,5.39,2.04,1.81
14.06.2021 14:00,6.4,4.18,4.21,2.22,2.19
14.06.2021 15:00,5.7,4.54,4.24,1.16,1.46
14.06.2021 16:00,4.8,3.09,3.86,1.71,0.94
14.06.2021 17:00,4.3,3.29,3.28,1.01,1.02
14.06.2021 18:00,4.2,3.36,3.37,0.84,0.83
14.06.2021 19:00,4.4,3.07,3.65,1.33,0.75
14.06.2021 20:00,4.4,3.67,3.16,0.73,1.24
14.06.2021 21:00,5,3.86,3.77,1.14,1.23
14.06.2021 22:00,6.3,4.59,4.73,1.71,1.57
14.06.2021 23:00,6.6,4.96,5.05,1.64,1.55
15.06.2021 00:00,7,4.66,4.43,2.34,2.57
15.06.2021 01:00,6.2,4.88,5.19,1.32,1.01
15.06.2021 02:00,6.1,4.78,4.37,1.32,1.73
15.06.2021 03:00,6.3,5.07,4.86,1.23,1.44
15.06.2021 04:00,6.4,5.21,5.32,1.19,1.08
15.06.2021 05:00,6.7,4.82,5.09,1.88,1.61
15.06.2021 06:00,7.3,5.52,5.7,1.78,1.6
15.06.2021 07:00,7.7,6,6.03,1.7,1.67
15.06.2021 08:00,8,5.93,5.72,2.07,2.28
15.06.2021 09:00,8.5,5.63,5.89,2.87,2.61
15.06.2021 10:00,7.9,4.65,5.55,3.25,2.35
15.06.2021 11:00,6.8,4.51,4.36,2.29,2.44
15.06.2021 12:00,5.4,3.81,4.02,1.59,1.38
15.06.2021 13:00,4.5,3.57,4.09,0.93,0.41
15.06.2021 14:00,3.7,3.29,3.01,0.41,0.69
15.06.2021 15:00,3.5,3.53,3.21,0.03,0.29
15.06.2021 16:00,3.9,3.39,3.4,0.51,0.5
15.06.2021 17:00,4.1,3.56,3.13,0.54,0.97
15.06.2021 18:00,4.1,3.42,3.99,0.68,0.11
15.06.2021 19:00,4.5,3.74,4.07,0.76,0.43
15.06.2021 20:00,4.8,3.25,3.51,1.55,1.29
15.06.2021 21:00,5.4,4.22,4.23,1.18,1.17
15.06.2021 22:00,6.9,4.06,5.06,2.84,1.84
15.06.2021 23:00,7.5,5.01,5.36,2.49,2.14
16.06.2021 00:00,7,4.45,5.19,2.55,1.81
16.06.2021 01:00,6.1,4.61,4.51,1.49,1.59
16.06.2021 02:00,6.3,5.27,5.09,1.03,1.21
16.06.2021 03:00,6.4,4.89,4.82,1.51,1.58
16.06.2021 04:00,6.4,4,5.02,2.4,1.38
16.06.2021 05:00,6.5,5.04,5.04,1.46,1.46
16.06.2021 06:00,6.8,5.31,5.49,1.49,1.31
16.06.2021 07:00,7.7,5.38,5.03,2.32,2.67
16.06.2021 08:00,7.7,5.8,4.95,1.9,2.75
16.06.2021 09:00,7.1,4.49,5.62,2.61,1.48
16.06.2021 10:00,6.9,4.96,5.51,1.94,1.39
16.06.2021 11:00,7.9,4.93,5.72,2.97,2.18
16.06.2021 12:00,7.7,5.21,5.79,2.49,1.91
16.06.2021 13:00,6.8,4,5.28,2.8,1.52
16.06.2021 14:00,5.3,3.83,3.79,1.47,1.51
16.06.2021 15:00,5.2,3.57,3.69,1.63,1.51
16.06.2021 16:00,4.8,3.41,3.62,1.39,1.18
16.06.2021 17:00,4.5,3.49,3.98,1.01,0.52
16.06.2021 18:00,5.2,4.34,4.06,0.86,1.14
16.06.2021 19:00,5.5,4.13,4.54,1.37,0.96
16.06.2021 20:00,6.4,4.35,4.38,2.05,2.02
16.06.2021 21:00,6.9,3.99,4.67,2.91,2.23
16.06.2021 22:00,7.7,5.02,5.16,2.68,2.54
16.06.2021 23:00,9.2,5.71,6.13,3.49,3.07
17.06.2021 00:00,9.2,5.62,6.34,3.58,2.86
17.06.2021 01:00,9.1,5.92,6.49,3.18,2.61
17.06.2021 02:00,8.3,5.24,6.03,3.06,2.27
17.06.2021 03:00,7.9,5.05,5.97,2.85,1.93
17.06.2021 04:00,7.8,5.82,5.96,1.98,1.84
17.06.2021 05:00,8.4,5.35,5.47,3.05,2.93
17.06.2021 06:00,9.6,6.09,6.93,3.51,2.67
17.06.2021 07:00,10.8,7.38,7.46,3.42,3.34
17.06.2021 08:00,11.8,6.93,7.18,4.87,4.62
17.06.2021 09:00,13,8.15,8.9,4.85,4.1
17.06.2021 10:00,12.9,8.38,9.18,4.52,3.72
17.06.2021 11:00,14.1,9.11,10.17,4.99,3.93
17.06.2021 12:00,14.9,8.92,10.24,5.98,4.66
17.06.2021 13:00,13,8.72,8.71,4.28,4.29
17.06.2021 14:00,13.6,7.39,8.99,6.21,4.61
17.06.2021 15:00,12.5,7.79,8.87,4.71,3.63
17.06.2021 16:00,12,7.67,7.69,4.33,4.31
17.06.2021 17:00,11.3,7.78,8.36,3.52,2.94
17.06.2021 18:00,9.9,6.68,7.07,3.22,2.83
17.06.2021 19:00,10.4,7.48,7.27,2.92,3.13
17.06.2021 20:00,11.8,27.24,8.85,15.44,2.95
17.06.2021 21:00,27,6.34,27.35,20.66,0.35
17.06.2021 22:00,12.7,7.58,7.33,5.12,5.37
17.06.2021 23:00,12.8,7.52,8.69,5.28,4.11
18.06.2021 00:00,12.5,8.14,8.55,4.36,3.95
18.06.2021 01:00,12.8,8.61,9.39,4.19,3.41
18.06.2021 02:00,13.9,7.36,9.36,6.54,4.54
18.06.2021 03:00,12.7,8.5,8.98,4.2,3.72
18.06.2021 04:00,11.7,8.5,8.12,3.2,3.58
18.06.2021 05:00,13.4,8.79,9.28,4.61,4.12
18.06.2021 06:00,13.9,8.87,9.68,5.03,4.22
18.06.2021 07:00,12.7,7.58,9.07,5.12,3.63
18.06.2021 08:00,11.5,7.76,8.5,3.74,3
18.06.2021 09:00,11.9,7.57,8.17,4.33,3.73
18.06.2021 10:00,12.2,8.7,8.57,3.5,3.63
18.06.2021 11:00,12.7,8.41,9.83,4.29,2.87
18.06.2021 12:00,13.4,9.27,9.8,4.13,3.6
18.06.2021 13:00,13.6,9.5,10.55,4.1,3.05
18.06.2021 14:00,13.9,9.92,10.28,3.98,3.62
18.06.2021 15:00,14.4,9.81,10.09,4.59,4.31
18.06.2021 16:00,14.7,10.11,10.73,4.59,3.97
18.06.2021 17:00,14.7,9.95,10.15,4.75,4.55
18.06.2021 18:00,14.6,10.03,10.21,4.57,4.39
18.06.2021 19:00,15.4,9.84,11.63,5.56,3.77
18.06.2021 20:00,13.5,8.42,10.56,5.08,2.94
18.06.2021 21:00,12.4,8.2,9.71,4.2,2.69
18.06.2021 22:00,17.6,6.24,7.93,11.36,9.67
18.06.2021 23:00,8.6,5.83,8.16,2.77,0.44
19.06.2021 00:00,7,6.25,6.63,0.75,0.37
19.06.2021 01:00,7.2,6.72,6.34,0.48,0.86
19.06.2021 02:00,7.9,6.63,7.17,1.27,0.73
19.06.2021 03:00,8.4,6.61,7.99,1.79,0.41
19.06.2021 04:00,8.9,7.43,8.03,1.47,0.87
19.06.2021 05:00,9.7,8.39,8.69,1.31,1.01
19.06.2021 06:00,10,8.9,8.37,1.1,1.63
19.06.2021 07:00,11,8.73,9.65,2.27,1.35
19.06.2021 08:00,12.4,9.01,9.69,3.39,2.71
19.06.2021 09:00,13.1,10.08,9.55,3.02,3.55
19.06.2021 10:00,16.1,9.61,11.05,6.49,5.05
19.06.2021 11:00,16.9,11.32,11.16,5.58,5.74
19.06.2021 12:00,16.9,10.73,11.65,6.17,5.25
19.06.2021 13:00,16.1,10.39,11.39,5.71,4.71
19.06.2021 14:00,16.5,10.27,10.61,6.23,5.89
19.06.2021 15:00,16.9,9.84,9.7,7.06,7.2
19.06.2021 16:00,17.6,10.71,10.65,6.89,6.95
19.06.2021 17:00,18.1,10.78,11.52,7.32,6.58
19.06.2021 18:00,17.7,10.15,11.88,7.55,5.82
19.06.2021 19:00,17.5,12.2,11.68,5.3,5.82
19.06.2021 20:00,20.9,12.5,13.4,8.4,7.5
19.06.2021 21:00,20.2,13.33,14.61,6.87,5.59
19.06.2021 22:00,21.5,14.36,14.62,7.14,6.88
19.06.2021 23:00,22.2,15.33,16.11,6.87,6.09
20.06.2021 00:00,22.7,16.16,16.79,6.54,5.91
20.06.2021 01:00,22.8,16.44,17.5,6.36,5.3
20.06.2021 02:00,22.7,15.89,17.62,6.81,5.08
20.06.2021 03:00,22.3,6.4,14.11,15.9,8.19
20.06.2021 04:00,12.3,4.27,5.18,8.03,7.12
20.06.2021 05:00,5.5,3.21,3.6,2.29,1.9
20.06.2021 06:00,5.2,4.4,3.96,0.8,1.24
20.06.2021 07:00,6.1,4.75,4.36,1.35,1.74
20.06.2021 08:00,5.5,3.74,3.92,1.76,1.58
20.06.2021 09:00,5.3,4,3.28,1.3,2.02
20.06.2021 10:00,4.7,3.27,3.49,1.43,1.21
20.06.2021 11:00,4.1,4.89,3.97,0.79,0.13
20.06.2021 12:00,10.3,7.74,5.21,2.56,5.09
20.06.2021 13:00,18.1,6.36,7.02,11.74,11.08
20.06.2021 14:00,19.1,8.59,8,10.51,11.1
20.06.2021 15:00,20.4,8.04,8.02,12.36,12.38
20.06.2021 16:00,21.5,7.79,9.59,13.71,11.91
20.06.2021 17:00,22.7,5.89,9.82,16.81,12.88
20.06.2021 18:00,10.1,4.53,5.81,5.57,4.29
20.06.2021 19:00,6,4.95,4.08,1.05,1.92
20.06.2021 20:00,6.9,3.84,4.46,3.06,2.44
20.06.2021 21:00,5.5,4,3.52,1.5,1.98
20.06.2021 22:00,5.4,3.75,4.13,1.65,1.27
20.06.2021 23:00,5.7,3.92,3.93,1.78,1.77
21.06.2021 00:00,5.9,4.12,3.74,1.78,2.16
21.06.2021 01:00,6.4,4.27,3.59,2.13,2.81
21.06.2021 02:00,6.4,3.93,3.63,2.47,2.77
21.06.2021 03:00,6.4,3.63,4.28,2.77,2.12
21.06.2021 04:00,6,3.99,4.41,2.01,1.59
21.06.2021 05:00,6.5,5.05,3.86,1.45,2.64
21.06.2021 06:00,6.5,3.64,3.6,2.86,2.9
21.06.2021 07:00,5.9,3.13,4.25,2.77,1.65
21.06.2021 08:00,4.5,3.68,3.56,0.82,0.94
21.06.2021 09:00,4.4,3.29,3.64,1.11,0.76
21.06.2021 10:00,4.8,3.63,3.88,1.17,0.92
21.06.2021 11:00,5.3,3.56,3.33,1.74,1.97
21.06.2021 12:00,5.3,3.17,3.15,2.13,2.15
21.06.2021 13:00,5.7,4.39,3.56,1.31,2.14
21.06.2021 14:00,5.9,3.72,3.54,2.18,2.36
21.06.2021 15:00,5.2,2.98,3.09,2.22,2.11
21.06.2021 16:00,5.1,3.23,3.66,1.87,1.44
21.06.2021 17:00,4.4,4.09,4.39,0.31,0.01
21.06.2021 18:00,6,3.36,3.74,2.64,2.26
21.06.2021 19:00,4.9,3.99,3.48,0.91,1.42
21.06.2021 20:00,5.6,3.99,4.45,1.61,1.15
21.06.2021 21:00,5.4,4.02,4.51,1.38,0.89
21.06.2021 22:00,5.3,4.53,4.66,0.77,0.64
21.06.2021 23:00,5.6,4.54,5.42,1.06,0.18
22.06.2021 00:00,5.3,4.11,5.35,1.19,0.05
22.06.2021 01:00,5.2,3.64,4.36,1.56,0.84
22.06.2021 02:00,5.3,4.87,4.63,0.43,0.67
22.06.2021 03:00,5.4,4.61,4.77,0.79,0.63
22.06.2021 04:00,5.8,4.59,5.72,1.21,0.08
22.06.2021 05:00,5.6,6.47,5.3,0.87,0.3
22.06.2021 06:00,6.6,5.59,6.92,1.01,0.32
22.06.2021 07:00,6.1,6.18,4.64,0.08,1.46
22.06.2021 08:00,6.8,6.07,6.58,0.73,0.22
22.06.2021 09:00,7.4,3.8,7.63,3.6,0.23
22.06.2021 10:00,5.2,2.99,4.16,2.21,1.04
22.06.2021 11:00,3.3,2.74,3.52,0.56,0.22
22.06.2021 12:00,2.9,2.7,3.01,0.2,0.11
22.06.2021 13:00,2.2,2.71,3,0.51,0.8
22.06.2021 14:00,1.7,2.74,2.63,1.04,0.93
22.06.2021 15:00,2.1,2.79,2.77,0.69,0.67
22.06.2021 16:00,2.8,2.95,3.07,0.15,0.27
22.06.2021 17:00,3.1,2.8,3.16,0.3,0.06
22.06.2021 18:00,3.3,3.51,3.34,0.21,0.04
22.06.2021 19:00,3.6,3.96,3.5,0.36,0.1
22.06.2021 20:00,4.6,4,4.47,0.6,0.13
22.06.2021 21:00,4,5.52,4.51,1.52,0.51
22.06.2021 22:00,5,5.1,5.43,0.1,0.43
22.06.2021 23:00,5.7,3.94,6.25,1.76,0.55
23.06.2021 00:00,4.4,3.01,4.66,1.39,0.26
23.06.2021 01:00,2.7,3.42,3.69,0.72,0.99
23.06.2021 02:00,3.2,4.19,4.52,0.99,1.32
23.06.2021 03:00,3.8,3.97,4.21,0.17,0.41
23.06.2021 04:00,4,4.24,4.92,0.24,0.92
23.06.2021 05:00,4,5.09,4.73,1.09,0.73
23.06.2021 06:00,4.3,5.08,4.85,0.78,0.55
23.06.2021 07:00,4.7,3.92,5.52,0.78,0.82
23.06.2021 08:00,4,4.25,4.69,0.25,0.69
23.06.2021 09:00,4,3.87,3.73,0.13,0.27
23.06.2021 10:00,4.1,2.5,4.44,1.6,0.34
23.06.2021 11:00,3.4,2.97,3,0.43,0.4
23.06.2021 12:00,3.4,2.55,3.11,0.85,0.29
23.06.2021 13:00,3.3,2.81,2.64,0.49,0.66
23.06.2021 14:00,3.6,2.8,3.45,0.8,0.15
23.06.2021 15:00,3.3,3.1,2.95,0.2,0.35
23.06.2021 16:00,3.4,2.94,2.93,0.46,0.47
23.06.2021 17:00,4.2,2.96,3.8,1.24,0.4
23.06.2021 18:00,5,3.57,3.51,1.43,1.49
23.06.2021 19:00,5.2,4.54,4.07,0.66,1.13
23.06.2021 20:00,5.6,3.4,4.3,2.2,1.3
23.06.2021 21:00,3.4,3.38,3.97,0.02,0.57
23.06.2021 22:00,2.6,3.76,3.51,1.16,0.91
23.06.2021 23:00,2.7,3.65,4.13,0.95,1.43
24.06.2021 00:00,2.8,3.96,3.98,1.16,1.18
24.06.2021 01:00,2.9,3.8,3.53,0.9,0.63
24.06.2021 02:00,3,3.27,4.53,0.27,1.53
24.06.2021 03:00,3.1,3.72,3.87,0.62,0.77
24.06.2021 04:00,3.5,3.69,4.06,0.19,0.56
24.06.2021 05:00,3.8,4.71,3.98,0.91,0.18
24.06.2021 06:00,4.4,4.36,5.22,0.04,0.82
24.06.2021 07:00,3.9,6.25,4.83,2.35,0.93
24.06.2021 08:00,5.3,4.99,6.33,0.31,1.03
24.06.2021 09:00,5.3,3.33,6.49,1.97,1.19
24.06.2021 10:00,3.3,2.65,4.12,0.65,0.82
24.06.2021 11:00,2.1,2.53,2.78,0.43,0.68
24.06.2021 12:00,2,2.56,3.1,0.56,1.1
24.06.2021 13:00,1.6,2.41,2.34,0.81,0.74
24.06.2021 14:00,1.9,2.94,2.27,1.04,0.37
24.06.2021 15:00,1.8,2.63,2.45,0.83,0.65
24.06.2021 16:00,2,2.79,2.19,0.79,0.19
24.06.2021 17:00,2.6,3.01,2.49,0.41,0.11
24.06.2021 18:00,2.6,2.4,3.03,0.2,0.43
24.06.2021 19:00,1.9,3.06,3.03,1.16,1.13
24.06.2021 20:00,1.4,3.09,3.07,1.69,1.67
24.06.2021 21:00,1.2,2.36,3.06,1.16,1.86
24.06.2021 22:00,1.5,2.6,2.81,1.1,1.31
24.06.2021 23:00,1.7,3,2.88,1.3,1.18
25.06.2021 00:00,1.2,3.06,2.57,1.86,1.37
25.06.2021 01:00,1.2,3.02,2.59,1.82,1.39
25.06.2021 02:00,1.3,2.89,3.23,1.59,1.93
25.06.2021 03:00,2.5,4.57,3.51,2.07,1.01
25.06.2021 04:00,3.2,6.4,4.76,3.2,1.56
25.06.2021 05:00,5,6.75,6.11,1.75,1.11
25.06.2021 06:00,6,5.79,7.08,0.21,1.08
25.06.2021 07:00,6,6.29,7.27,0.29,1.27
25.06.2021 08:00,6.8,6.6,6.57,0.2,0.23
25.06.2021 09:00,6.7,6.48,7.07,0.22,0.37
25.06.2021 10:00,6.7,5.65,6.07,1.05,0.63
25.06.2021 11:00,6.3,5.46,6.19,0.84,0.11
25.06.2021 12:00,6.1,3.47,6.53,2.63,0.43
25.06.2021 13:00,4,4.48,3.76,0.48,0.24
25.06.2021 14:00,4.9,4.87,4.95,0.03,0.05
25.06.2021 15:00,5.1,5.22,5.48,0.12,0.38
25.06.2021 16:00,5.4,4.26,5.12,1.14,0.28
25.06.2021 17:00,5.1,5.28,4.63,0.18,0.47
25.06.2021 18:00,5.3,4.69,5.09,0.61,0.21
25.06.2021 19:00,5.1,4.84,4.62,0.26,0.48
25.06.2021 20:00,5.3,4.45,5.01,0.85,0.29
25.06.2021 21:00,5.4,5.24,4.91,0.16,0.49
25.06.2021 22:00,6.5,5.06,5.65,1.44,0.85
25.06.2021 23:00,6.1,6.02,5.59,0.08,0.51
26.06.2021 00:00,6.7,6.01,6.44,0.69,0.26
26.06.2021 01:00,7,5.77,7.25,1.23,0.25
26.06.2021 02:00,6.9,6.49,7.19,0.41,0.29
26.06.2021 03:00,6.9,6.62,7.18,0.28,0.28
26.06.2021 04:00,7.1,6.2,6.61,0.9,0.49
26.06.2021 05:00,7,6.3,7.42,0.7,0.42
26.06.2021 06:00,7.2,8.27,7.88,1.07,0.68
26.06.2021 07:00,8.1,8.41,8.57,0.31,0.47
26.06.2021 08:00,9,8.46,9.06,0.54,0.06
26.06.2021 09:00,9,7.45,8.5,1.55,0.5
26.06.2021 10:00,8.9,5.97,9.22,2.93,0.32
26.06.2021 11:00,7.1,4.61,7.39,2.49,0.29
26.06.2021 12:00,6.5,4.56,6.14,1.94,0.36
26.06.2021 13:00,5.8,3.69,5.14,2.11,0.66
26.06.2021 14:00,5.7,3.36,4.62,2.34,1.08
26.06.2021 15:00,4.9,3.37,4.91,1.53,0.01
26.06.2021 16:00,4.4,3.46,3.75,0.94,0.65
26.06.2021 17:00,4,3.13,3.45,0.87,0.55
26.06.2021 18:00,3.8,3.78,3.89,0.02,0.09
26.06.2021 19:00,3.9,3.67,4.02,0.23,0.12
26.06.2021 20:00,4.3,5.31,4.23,1.01,0.07
26.06.2021 21:00,5.1,6.48,4.82,1.38,0.28
26.06.2021 22:00,7.2,6.55,6.24,0.65,0.96
26.06.2021 23:00,9,7.87,7.12,1.13,1.88
27.06.2021 00:00,9,6.35,7.86,2.65,1.14
27.06.2021 01:00,8.7,7.06,7.58,1.64,1.12
27.06.2021 02:00,7.9,6.18,6.86,1.72,1.04
27.06.2021 03:00,7.8,6.2,6.92,1.6,0.88
27.06.2021 04:00,7.7,6.29,7,1.41,0.7
27.06.2021 05:00,7.8,7.33,6.67,0.47,1.13
27.06.2021 06:00,8.2,7.2,7.7,1,0.5
27.06.2021 07:00,9.1,5.89,8.43,3.21,0.67
27.06.2021 08:00,9.1,6.14,8.02,2.96,1.08
27.06.2021 09:00,7.6,5.98,6.42,1.62,1.18
27.06.2021 10:00,7.5,5.81,5.97,1.69,1.53
27.06.2021 11:00,8,5.83,6.09,2.17,1.91
27.06.2021 12:00,8,4.87,5.72,3.13,2.28
27.06.2021 13:00,8,4.48,6.16,3.52,1.84
27.06.2021 14:00,6.4,4.65,5.22,1.75,1.18
27.06.2021 15:00,5.8,4.17,4.74,1.63,1.06
27.06.2021 16:00,6.3,3.44,5.62,2.86,0.68
27.06.2021 17:00,4.8,3.69,3.73,1.11,1.07
27.06.2021 18:00,4.4,3.77,3.76,0.63,0.64
27.06.2021 19:00,4.1,4.84,3.48,0.74,0.62
27.06.2021 20:00,4.7,5.92,4.18,1.22,0.52
27.06.2021 21:00,5.9,6.67,4.94,0.77,0.96
27.06.2021 22:00,6.6,7.91,6.3,1.31,0.3
27.06.2021 23:00,6.7,6.64,6.48,0.06,0.22
28.06.2021 00:00,7.5,5.8,8.48,1.7,0.98
28.06.2021 01:00,7.2,6.17,7.88,1.03,0.68
28.06.2021 02:00,6,4.79,6.59,1.21,0.59
28.06.2021 03:00,6.4,4.58,6.07,1.82,0.33
28.06.2021 04:00,5.4,4.48,4.8,0.92,0.6
28.06.2021 05:00,5.4,4.92,4.9,0.48,0.5
28.06.2021 06:00,4.9,4.58,4.54,0.32,0.36
28.06.2021 07:00,5.1,4.18,4.8,0.92,0.3
28.06.2021 08:00,5.3,4.33,5,0.97,0.3
28.06.2021 09:00,5.6,5.49,5.27,0.11,0.33
28.06.2021 10:00,6.4,5.58,5.66,0.82,0.74
28.06.2021 11:00,7.5,6.2,5.54,1.3,1.96
28.06.2021 12:00,8.4,6.29,6.05,2.11,2.35
28.06.2021 13:00,9.2,6.48,6.94,2.72,2.26
28.06.2021 14:00,9.1,6.26,6.51,2.84,2.59
28.06.2021 15:00,9.3,5.46,6.71,3.84,2.59
28.06.2021 16:00,9.5,6.01,6.11,3.49,3.39
28.06.2021 17:00,9,4.33,6.58,4.67,2.42
28.06.2021 18:00,8.8,5.4,6.21,3.4,2.59
28.06.2021 19:00,4.7,5.22,5.43,0.52,0.73
28.06.2021 20:00,4.5,5.43,5.37,0.93,0.87
28.06.2021 21:00,4.9,5.82,5.62,0.92,0.72
28.06.2021 22:00,5.1,7.08,6.05,1.98,0.95
28.06.2021 23:00,5.4,6.28,5.85,0.88,0.45
29.06.2021 00:00,6.3,6.95,7.21,0.65,0.91
29.06.2021 01:00,6.5,6.08,7.51,0.42,1.01
29.06.2021 02:00,6.2,6.24,7,0.04,0.8
29.06.2021 03:00,5.4,4.95,6.47,0.45,1.07
29.06.2021 04:00,5.6,4.11,7.04,1.49,1.44
29.06.2021 05:00,4.3,5.08,5.24,0.78,0.94
29.06.2021 06:00,3.2,3.17,4.42,0.03,1.22
29.06.2021 07:00,4,3.09,4.49,0.91,0.49
29.06.2021 08:00,3.2,2.99,3.58,0.21,0.38
29.06.2021 09:00,3,3.11,3.29,0.11,0.29
29.06.2021 10:00,3.1,3.15,2.85,0.05,0.25
29.06.2021 11:00,3.2,2.98,3.17,0.22,0.03
29.06.2021 12:00,3.6,2.89,3.07,0.71,0.53
29.06.2021 13:00,3.3,3.04,3.22,0.26,0.08
29.06.2021 14:00,1.8,2.94,2.88,1.14,1.08
29.06.2021 15:00,1.9,2.96,2.59,1.06,0.69
29.06.2021 16:00,1.9,2.86,2.83,0.96,0.93
29.06.2021 17:00,2.1,3.12,3.19,1.02,1.09
29.06.2021 18:00,2.4,3.25,3.07,0.85,0.67
29.06.2021 19:00,2.6,3.85,3.49,1.25,0.89
29.06.2021 20:00,2.6,3.26,3.28,0.66,0.68
29.06.2021 21:00,2.9,3.08,3.99,0.18,1.09
29.06.2021 22:00,3.2,2.37,3.57,0.83,0.37
29.06.2021 23:00,1.6,2.95,2.73,1.35,1.13
30.06.2021 00:00,1.1,2.57,2.95,1.47,1.85
30.06.2021 01:00,0.8,2.7,2.54,1.9,1.74
30.06.2021 02:00,0.6,2.56,2.66,1.96,2.06
30.06.2021 03:00,0.7,2.31,3.13,1.61,2.43
30.06.2021 04:00,0.8,2.63,2.45,1.83,1.65
30.06.2021 05:00,1.2,2.26,3.06,1.06,1.86
30.06.2021 06:00,0.9,2.23,2.65,1.33,1.75
30.06.2021 07:00,1,2.48,2.14,1.48,1.14
30.06.2021 08:00,1.1,2.24,2.29,1.14,1.19
30.06.2021 09:00,1.1,2.54,2.7,1.44,1.6
30.06.2021 10:00,1.2,2.39,2.66,1.19,1.46
30.06.2021 11:00,1.2,2.18,2.36,0.98,1.16
30.06.2021 13:00,1.2,2.69,2.17,1.49,0.97
30.06.2021 14:00,1.8,2.43,4.36,0.63,2.56
30.06.2021 15:00,1.7,2.24,2.09,0.54,0.39
30.06.2021 16:00,1.6,2.7,2.86,1.1,1.26
30.06.2021 17:00,1.8,2.07,2.55,0.27,0.75
30.06.2021 18:00,1.7,2.58,2.59,0.88,0.89
30.06.2021 19:00,1.5,2.73,2.62,1.23,1.12
30.06.2021 20:00,1,2.24,2.71,1.24,1.71
30.06.2021 21:00,0.8,2.82,2.76,2.02,1.96
30.06.2021 22:00,0.9,3.2,2.82,2.3,1.92
30.06.2021 23:00,1.1,3.27,2.85,2.17,1.75
01.07.2021 00:00,1,3.5,2.59,2.5,1.59
01.07.2021 01:00,1.6,3.35,3.22,1.75,1.62
01.07.2021 02:00,2.2,2.47,3.63,0.27,1.43
01.07.2021 03:00,2.6,3.08,3.29,0.48,0.69
01.07.2021 04:00,2.5,3.59,3.92,1.09,1.42
01.07.2021 05:00,2.7,3.03,3.97,0.33,1.27
01.07.2021 06:00,2.8,2.65,3.27,0.15,0.47
01.07.2021 07:00,2.2,3.27,3.24,1.07,1.04
01.07.2021 08:00,2.4,4.12,2.89,1.72,0.49
01.07.2021 09:00,2.6,6.45,3.38,3.85,0.78
01.07.2021 10:00,3.4,5.57,4.78,2.17,1.38
01.07.2021 11:00,5.7,4.61,6.8,1.09,1.1
01.07.2021 12:00,5.9,4.8,5.98,1.1,0.08
01.07.2021 13:00,5.1,4.22,4.63,0.88,0.47
01.07.2021 14:00,4.5,4.57,4.54,0.07,0.04
01.07.2021 15:00,4.8,4.86,4.53,0.06,0.27
01.07.2021 16:00,5.7,4.89,5.37,0.81,0.33
01.07.2021 17:00,5.8,5.3,5.87,0.5,0.07
01.07.2021 18:00,6.1,4.72,5.67,1.38,0.43
01.07.2021 19:00,5.8,4.22,5.43,1.58,0.37
01.07.2021 20:00,4.9,4.43,4.77,0.47,0.13
01.07.2021 21:00,4.3,5.02,5.39,0.72,1.09
01.07.2021 22:00,4.8,4.86,4.94,0.06,0.14
01.07.2021 23:00,5.3,4.1,5.39,1.2,0.09
02.07.2021 00:00,5.3,4.87,5.66,0.43,0.36
02.07.2021 01:00,5,4.32,4.06,0.68,0.94
02.07.2021 02:00,4.7,4.19,4.38,0.51,0.32
02.07.2021 03:00,5.1,4.87,5.13,0.23,0.03
02.07.2021 04:00,5.5,5.37,4.83,0.13,0.67
02.07.2021 05:00,5.8,6.91,5.79,1.11,0.01
02.07.2021 06:00,6.2,7.71,6.09,1.51,0.11
02.07.2021 07:00,8,6.91,8.32,1.09,0.32
02.07.2021 08:00,8.8,6.48,8.75,2.32,0.05
02.07.2021 09:00,7.4,6.68,7.16,0.72,0.24
02.07.2021 10:00,7.8,5.35,7.35,2.45,0.45
02.07.2021 11:00,7.9,5.91,6.93,1.99,0.97
02.07.2021 12:00,7.7,5.45,6.94,2.25,0.76
02.07.2021 13:00,7.5,5.05,5.77,2.45,1.73
02.07.2021 14:00,7,3.38,5.75,3.62,1.25
02.07.2021 15:00,6.5,3.32,5.38,3.18,1.12
02.07.2021 16:00,4.5,3.86,4.71,0.64,0.21
02.07.2021 17:00,3.3,3.82,3.63,0.52,0.33
02.07.2021 18:00,4.2,4.83,4.17,0.63,0.03
02.07.2021 19:00,4.7,5.24,4.37,0.54,0.33
02.07.2021 20:00,5.5,6.53,5.12,1.03,0.38
02.07.2021 21:00,6.4,6.74,5.69,0.34,0.71
02.07.2021 22:00,7.8,7.18,6.06,0.62,1.74
02.07.2021 23:00,8.3,6.89,7.4,1.41,0.9
03.07.2021 00:00,8.6,6.16,8.59,2.44,0.01
03.07.2021 01:00,8.4,7.5,7.22,0.9,1.18
03.07.2021 02:00,7.4,6.49,6.6,0.91,0.8
03.07.2021 03:00,8,7.22,7.19,0.78,0.81
03.07.2021 04:00,7.9,6.34,6.93,1.56,0.97
03.07.2021 05:00,7.8,7.92,7.07,0.12,0.73
03.07.2021 06:00,7.8,6.96,7.16,0.84,0.64
03.07.2021 07:00,8.8,6.19,8.54,2.61,0.26
03.07.2021 08:00,8.9,6.72,7.91,2.18,0.99
03.07.2021 09:00,7.8,5.6,6.51,2.2,1.29
03.07.2021 10:00,7.7,5.56,6.86,2.14,0.84
03.07.2021 11:00,7.8,5.64,5.85,2.16,1.95
03.07.2021 12:00,6.7,5.59,5.56,1.11,1.14
03.07.2021 13:00,6.7,6.03,5.72,0.67,0.98
03.07.2021 14:00,7.2,5.9,6.12,1.3,1.08
03.07.2021 15:00,7,8.74,5.51,1.74,1.49
03.07.2021 16:00,7.3,7.79,7.61,0.49,0.31
03.07.2021 17:00,8.3,6.94,8.26,1.36,0.04
03.07.2021 18:00,8.4,4.77,8.23,3.63,0.17
03.07.2021 19:00,7.5,5.66,6.77,1.84,0.73
03.07.2021 20:00,5,7,5.63,2,0.63
03.07.2021 21:00,5.4,7.47,5.36,2.07,0.04
03.07.2021 22:00,6.5,5.62,7.13,0.88,0.63
03.07.2021 23:00,7.8,4.36,7.86,3.44,0.06
04.07.2021 00:00,7,4.72,6.65,2.28,0.35
04.07.2021 01:00,4.2,3.89,4.39,0.31,0.19
04.07.2021 02:00,4.7,3.76,4.97,0.94,0.27
04.07.2021 03:00,4.5,4.9,4.51,0.4,0.01
04.07.2021 04:00,4.4,6.49,4.82,2.09,0.42
04.07.2021 05:00,4.9,5.9,5.26,1,0.36
04.07.2021 06:00,6.4,4.59,6.57,1.81,0.17
04.07.2021 07:00,6.3,4.25,6.69,2.05,0.39
04.07.2021 08:00,4.9,5.08,4.85,0.18,0.05
04.07.2021 09:00,4.1,6.41,4.29,2.31,0.19
04.07.2021 10:00,4.7,5.53,4.98,0.83,0.28
04.07.2021 11:00,6.5,5.24,6.25,1.26,0.25
04.07.2021 12:00,6.7,4.47,6.44,2.23,0.26
04.07.2021 13:00,5.6,4.68,5.36,0.92,0.24
04.07.2021 14:00,4.8,3.66,5.06,1.14,0.26
04.07.2021 15:00,5,3.07,5.08,1.93,0.08
04.07.2021 16:00,4,2.6,5.15,1.4,1.15
04.07.2021 17:00,2.6,3.66,3.15,1.06,0.55
04.07.2021 18:00,1.8,2.75,2.72,0.95,0.92
04.07.2021 19:00,2.6,3.08,3.43,0.48,0.83
04.07.2021 20:00,2.2,2.67,3.01,0.47,0.81
04.07.2021 21:00,2.2,3.16,3.02,0.96,0.82
04.07.2021 22:00,2.3,2.94,2.77,0.64,0.47
04.07.2021 23:00,2.6,2.84,3.5,0.24,0.9
05.07.2021 00:00,2.7,3.19,3.18,0.49,0.48
05.07.2021 01:00,2.9,2.64,3.54,0.26,0.64
05.07.2021 02:00,3.1,2.58,2.92,0.52,0.18
05.07.2021 03:00,3.2,3.06,3.26,0.14,0.06
05.07.2021 04:00,3,3.13,2.47,0.13,0.53
05.07.2021 05:00,2.7,3.03,3.44,0.33,0.74
05.07.2021 06:00,2.9,2.86,2.57,0.04,0.33
05.07.2021 07:00,2.8,2.48,2.96,0.32,0.16
05.07.2021 08:00,2.7,2.85,3.24,0.15,0.54
05.07.2021 09:00,2.5,2.82,2.97,0.32,0.47
05.07.2021 10:00,2.4,2.65,2.91,0.25,0.51
05.07.2021 11:00,2.6,3.49,3.33,0.89,0.73
05.07.2021 12:00,2.2,3.17,2.81,0.97,0.61
05.07.2021 13:00,2.6,2.95,3.11,0.35,0.51
05.07.2021 14:00,2.5,2.88,3.07,0.38,0.57
05.07.2021 15:00,2.7,2.83,2.83,0.13,0.13
05.07.2021 16:00,2.7,2.39,2.95,0.31,0.25
05.07.2021 17:00,2.6,2.93,3.03,0.33,0.43
05.07.2021 18:00,2.5,2.2,2.76,0.3,0.26
05.07.2021 19:00,2.6,2.92,2.86,0.32,0.26
05.07.2021 20:00,2.5,3.44,3.23,0.94,0.73
05.07.2021 21:00,2.8,3.68,3.02,0.88,0.22
05.07.2021 22:00,3.5,3.17,3.56,0.33,0.06
05.07.2021 23:00,4.1,3.54,4.18,0.56,0.08
06.07.2021 00:00,3.8,4.12,3.54,0.32,0.26
06.07.2021 01:00,3.8,3.2,3.83,0.6,0.03
06.07.2021 02:00,3.8,3.38,3.77,0.42,0.03
06.07.2021 03:00,4.1,3.46,3.49,0.64,0.61
06.07.2021 04:00,4.1,3.73,3.39,0.37,0.71
06.07.2021 05:00,4.3,3.56,3.46,0.74,0.84
06.07.2021 06:00,4.5,4.02,4.42,0.48,0.08
06.07.2021 07:00,4.7,3.85,4.57,0.85,0.13
06.07.2021 08:00,5.1,3.02,3.65,2.08,1.45
06.07.2021 09:00,4.7,3.62,3.91,1.08,0.79
06.07.2021 10:00,3.8,3.94,3.19,0.14,0.61
06.07.2021 11:00,4.2,3.81,3.76,0.39,0.44
06.07.2021 12:00,4.7,4.03,4.11,0.67,0.59
06.07.2021 13:00,4.6,3.08,4.21,1.52,0.39
06.07.2021 14:00,4.9,3.01,4.38,1.89,0.52
06.07.2021 15:00,3.2,3.01,3.63,0.19,0.43
06.07.2021 16:00,2.2,3.22,2.72,1.02,0.52
06.07.2021 17:00,2.6,2.71,2.94,0.11,0.34
06.07.2021 18:00,2.1,2.84,3.43,0.74,1.33
06.07.2021 19:00,2.2,3.19,3.47,0.99,1.27
06.07.2021 20:00,2.5,3.47,3.56,0.97,1.06
06.07.2021 21:00,2.7,4.06,3.49,1.36,0.79
06.07.2021 22:00,2.6,4.68,2.83,2.08,0.23
06.07.2021 23:00,3.2,4.61,4.46,1.41,1.26
07.07.2021 00:00,3.5,4.73,4.08,1.23,0.58
07.07.2021 01:00,4.3,4.92,5.22,0.62,0.92
07.07.2021 02:00,4.3,4.72,4.89,0.42,0.59
07.07.2021 03:00,4.8,6.04,4.82,1.24,0.02
07.07.2021 04:00,4.5,6.31,5.55,1.81,1.05
07.07.2021 05:00,4.9,5.01,5.5,0.11,0.6
07.07.2021 06:00,5.5,5.56,5.72,0.06,0.22
07.07.2021 07:00,5.3,3.95,6.01,1.35,0.71
07.07.2021 08:00,5.2,2.57,5.95,2.63,0.75
07.07.2021 09:00,4.4,2.7,5.47,1.7,1.07
07.07.2021 10:00,1.3,2.44,2.88,1.14,1.58
07.07.2021 11:00,1.1,2.64,2.73,1.54,1.63
07.07.2021 12:00,1.2,3.68,2.36,2.48,1.16
07.07.2021 13:00,1.3,4.47,2.51,3.17,1.21
07.07.2021 14:00,3,3.56,4.39,0.56,1.39
07.07.2021 15:00,3.6,3.04,4.86,0.56,1.26
07.07.2021 16:00,3,2.38,4.15,0.62,1.15
07.07.2021 17:00,2.6,2.8,3.4,0.2,0.8
07.07.2021 18:00,2.4,3.57,3.04,1.17,0.64
07.07.2021 19:00,2.5,3.62,3.04,1.12,0.54
07.07.2021 20:00,2.8,3.21,3.09,0.41,0.29
07.07.2021 21:00,3.1,4.38,3.32,1.28,0.22
07.07.2021 22:00,3.4,5.36,3.57,1.96,0.17
07.07.2021 23:00,4,6.4,4.26,2.4,0.26
08.07.2021 00:00,4.6,6.68,5.77,2.08,1.17
08.07.2021 01:00,5.3,8.94,6.81,3.64,1.51
08.07.2021 02:00,5.6,10.38,6.72,4.78,1.12
08.07.2021 03:00,6.4,9.85,8.82,3.45,2.42
08.07.2021 04:00,7.7,11.65,9.52,3.95,1.82
08.07.2021 05:00,9,10.07,11.24,1.07,2.24
08.07.2021 06:00,9.4,9.13,12.35,0.27,2.95
08.07.2021 07:00,8.4,8.8,11.74,0.4,3.34
08.07.2021 08:00,7.5,7.38,10.22,0.12,2.72
08.07.2021 09:00,7,9.16,8.97,2.16,1.97
08.07.2021 10:00,7.5,5.61,8.68,1.89,1.18
08.07.2021 11:00,7.2,5.02,9.6,2.18,2.4
08.07.2021 12:00,5.5,3.43,6.31,2.07,0.81
08.07.2021 13:00,4.9,3.35,5.74,1.55,0.84
08.07.2021 14:00,3.4,3.34,3.81,0.06,0.41
08.07.2021 15:00,3.4,3.23,3.19,0.17,0.21
08.07.2021 16:00,3.5,3.86,3.37,0.36,0.13
08.07.2021 17:00,3.1,2.75,3.87,0.35,0.77
08.07.2021 18:00,3,2.76,3.7,0.24,0.7
08.07.2021 19:00,2.5,2.35,3.28,0.15,0.78
08.07.2021 20:00,1.5,2.59,2.96,1.09,1.46
08.07.2021 21:00,1.6,2.48,2.57,0.88,0.97
08.07.2021 22:00,1.3,2.94,2.76,1.64,1.46
08.07.2021 23:00,1,2.46,3.1,1.46,2.1
09.07.2021 00:00,0.7,2.57,2.54,1.87,1.84
09.07.2021 01:00,0.8,2.39,2.73,1.59,1.93
09.07.2021 02:00,0.8,2.69,2.55,1.89,1.75
09.07.2021 03:00,0.7,4.09,2.98,3.39,2.28
09.07.2021 04:00,1.3,2.81,3.1,1.51,1.8
09.07.2021 05:00,2.4,3.25,3.43,0.85,1.03
09.07.2021 06:00,1.9,3.7,3.06,1.8,1.16
09.07.2021 07:00,2.3,3.34,3.82,1.04,1.52
09.07.2021 08:00,2.9,3.98,3.14,1.08,0.24
09.07.2021 09:00,3.5,4.06,3.68,0.56,0.18
09.07.2021 10:00,3.6,3.88,4.49,0.28,0.89
09.07.2021 11:00,4.3,3.66,4.02,0.64,0.28
09.07.2021 12:00,4.4,3.32,3.9,1.08,0.5
09.07.2021 13:00,4.2,3.48,3.79,0.72,0.41
09.07.2021 14:00,4,3.21,3.31,0.79,0.69
09.07.2021 15:00,4.1,3.04,3.63,1.06,0.47
09.07.2021 16:00,3.8,3.62,3.42,0.18,0.38
09.07.2021 17:00,3.9,3.73,3.6,0.17,0.3
09.07.2021 18:00,4.3,4.14,3.63,0.16,0.67
09.07.2021 19:00,4.3,4.42,3.64,0.12,0.66
09.07.2021 20:00,4.8,5,4.13,0.2,0.67
09.07.2021 21:00,5,5.43,4.71,0.43,0.29
09.07.2021 22:00,5.9,6,5.3,0.1,0.6
09.07.2021 23:00,6.6,6.24,5.95,0.36,0.65
10.07.2021 00:00,7.1,6.51,7.34,0.59,0.24
10.07.2021 01:00,7.6,6.1,6.5,1.5,1.1
10.07.2021 02:00,7.1,6.39,6.26,0.71,0.84
10.07.2021 03:00,7.3,6.24,6.59,1.06,0.71
10.07.2021 04:00,7.5,6.75,6.26,0.75,1.24
10.07.2021 05:00,7.3,7.94,6.83,0.64,0.47
10.07.2021 06:00,7.7,6.04,8.02,1.66,0.32
10.07.2021 07:00,8.4,5.09,8.02,3.31,0.38
10.07.2021 08:00,7.8,3.66,6.85,4.14,0.95
10.07.2021 09:00,6.3,4.82,5.16,1.48,1.14
10.07.2021 10:00,5.6,4.09,4.11,1.51,1.49
10.07.2021 11:00,5.5,4.26,4.48,1.24,1.02
10.07.2021 12:00,6.3,4.29,5.31,2.01,0.99
10.07.2021 13:00,5.8,3.9,5.07,1.9,0.73
10.07.2021 14:00,5.9,3.91,4.89,1.99,1.01
10.07.2021 15:00,5.9,3.82,4.98,2.08,0.92
10.07.2021 16:00,5.1,3.96,4.4,1.14,0.7
10.07.2021 17:00,5.4,4.2,4.52,1.2,0.88
10.07.2021 18:00,5.6,4.42,3.94,1.18,1.66
10.07.2021 19:00,6,3.2,4.57,2.8,1.43
10.07.2021 20:00,6.4,2.96,4.82,3.44,1.58
10.07.2021 21:00,3.8,4.15,3.43,0.35,0.37
10.07.2021 22:00,2.8,3,3.31,0.2,0.51
10.07.2021 23:00,2.7,3.08,3.43,0.38,0.73
11.07.2021 00:00,1.9,2.96,3.44,1.06,1.54
11.07.2021 01:00,1.7,2.62,2.76,0.92,1.06
11.07.2021 02:00,1.9,2.69,2.84,0.79,0.94
11.07.2021 03:00,2,2.89,2.82,0.89,0.82
11.07.2021 04:00,2.4,2.94,3.2,0.54,0.8
11.07.2021 05:00,2.2,2.81,3.11,0.61,0.91
11.07.2021 06:00,2.2,2.42,2.95,0.22,0.75
11.07.2021 07:00,1.9,3.26,2.68,1.36,0.78
11.07.2021 08:00,1.5,3.63,2.71,2.13,1.21
11.07.2021 09:00,2.2,3.26,2.84,1.06,0.64
11.07.2021 10:00,3.2,3.31,3.97,0.11,0.77
11.07.2021 11:00,3,2.61,3,0.39,0
11.07.2021 12:00,2.7,2.55,2.68,0.15,0.02
11.07.2021 13:00,2.5,2.54,2.97,0.04,0.47
11.07.2021 14:00,2.6,2.68,2.79,0.08,0.19
11.07.2021 15:00,2.5,3.82,2.77,1.32,0.27
11.07.2021 16:00,2.9,3.58,3.12,0.68,0.22
11.07.2021 17:00,3.1,3.35,3.5,0.25,0.4
11.07.2021 18:00,3,3.2,2.65,0.2,0.35
11.07.2021 19:00,3.2,2.84,3.4,0.36,0.2
11.07.2021 20:00,3.1,3.63,3.26,0.53,0.16
11.07.2021 21:00,3.1,3.5,3.24,0.4,0.14
11.07.2021 22:00,3.7,2.89,3.87,0.81,0.17
11.07.2021 23:00,3.6,3.54,3.5,0.06,0.1
12.07.2021 00:00,3.3,3.67,3.02,0.37,0.28
12.07.2021 01:00,3.4,3.75,3.44,0.35,0.04
12.07.2021 02:00,3.6,3.96,4.23,0.36,0.63
12.07.2021 03:00,4.1,4.11,4.44,0.01,0.34
12.07.2021 04:00,4.1,4.72,3.87,0.62,0.23
12.07.2021 05:00,4.3,5.07,3.52,0.77,0.78
12.07.2021 06:00,4.9,4.8,4.89,0.1,0.01
12.07.2021 07:00,5.5,3.99,4.86,1.51,0.64
12.07.2021 08:00,5.3,4.5,5.4,0.8,0.1
12.07.2021 09:00,4.9,4.42,3.92,0.48,0.98
12.07.2021 10:00,4.9,4,4.38,0.9,0.52
12.07.2021 11:00,5.1,4.36,3.87,0.74,1.23
12.07.2021 12:00,5.4,4.38,4.83,1.02,0.57
12.07.2021 13:00,6.1,4.04,4.78,2.06,1.32
12.07.2021 14:00,5.7,4.72,3.98,0.98,1.72
12.07.2021 15:00,5.6,4.36,4.43,1.24,1.17
12.07.2021 16:00,5.8,4.47,4.09,1.33,1.71
12.07.2021 17:00,6.5,4.8,4.88,1.7,1.62
12.07.2021 18:00,6,4.53,4.85,1.47,1.15
12.07.2021 19:00,7.2,5.99,5.42,1.21,1.78
12.07.2021 20:00,6.3,5.16,4.94,1.14,1.36
12.07.2021 21:00,8.6,4.7,6.28,3.9,2.32
12.07.2021 22:00,6.9,5.53,6.11,1.37,0.79
12.07.2021 23:00,5.6,4.66,5.31,0.94,0.29
13.07.2021 00:00,5.7,2.98,5.36,2.72,0.34
13.07.2021 01:00,5.5,3.68,4.75,1.82,0.75
13.07.2021 02:00,1.3,3.28,3.16,1.98,1.86
13.07.2021 03:00,2,3.61,3.31,1.61,1.31
13.07.2021 04:00,2.4,3.17,3.33,0.77,0.93
13.07.2021 05:00,2.6,2.56,3.34,0.04,0.74
13.07.2021 06:00,1.3,3.4,2.9,2.1,1.6
13.07.2021 07:00,0.6,2.97,3.6,2.37,3
13.07.2021 08:00,0.7,2.48,2.9,1.78,2.2
13.07.2021 09:00,1,3.1,2.72,2.1,1.72
13.07.2021 10:00,1.1,2.5,2.84,1.4,1.74
13.07.2021 11:00,1,3.45,2.91,2.45,1.91
13.07.2021 12:00,0.7,2.73,2.84,2.03,2.14
13.07.2021 13:00,0.8,2.98,3.17,2.18,2.37
13.07.2021 14:00,1,2.61,3.07,1.61,2.07
13.07.2021 15:00,1,2.74,2.55,1.74,1.55
13.07.2021 16:00,0.9,3.23,3.33,2.33,2.43
13.07.2021 17:00,1.1,2.47,3.03,1.37,1.93
13.07.2021 18:00,1.1,3.08,3.13,1.98,2.03
13.07.2021 19:00,1.3,3.22,2.51,1.92,1.21
13.07.2021 20:00,1.1,3.16,3.26,2.06,2.16
13.07.2021 21:00,1.4,3.75,2.77,2.35,1.37
13.07.2021 22:00,2,5.05,3.4,3.05,1.4
13.07.2021 23:00,3.1,5.59,3.69,2.49,0.59
14.07.2021 00:00,3.8,5.28,4.53,1.48,0.73
14.07.2021 01:00,4.8,6.41,5.93,1.61,1.13
14.07.2021 02:00,4.2,5.29,5.51,1.09,1.31
14.07.2021 03:00,5.7,3.88,6.03,1.82,0.33
14.07.2021 04:00,4.9,4.16,5.3,0.74,0.4
14.07.2021 05:00,3.9,3.31,4.06,0.59,0.16
14.07.2021 06:00,3.6,2.83,4.51,0.77,0.91
14.07.2021 07:00,2.8,3.01,3.22,0.21,0.42
14.07.2021 08:00,1.8,3.23,2.85,1.43,1.05
14.07.2021 09:00,1.8,3.34,3.14,1.54,1.34
14.07.2021 10:00,1.9,3.95,2.92,2.05,1.02
14.07.2021 11:00,2.8,3.61,3.63,0.81,0.83
14.07.2021 12:00,3.4,3.19,3.56,0.21,0.16
14.07.2021 13:00,3.5,3.72,3.57,0.22,0.07
14.07.2021 14:00,3.5,4.34,3.42,0.84,0.08
14.07.2021 15:00,3.6,3.69,3.48,0.09,0.12
14.07.2021 16:00,3.7,2.4,3.71,1.3,0.01
14.07.2021 17:00,3.8,2.88,4.53,0.92,0.73
14.07.2021 18:00,2.1,3.24,2.52,1.14,0.42
14.07.2021 19:00,1.6,2.98,2.67,1.38,1.07
14.07.2021 20:00,1.9,2.91,2.97,1.01,1.07
14.07.2021 21:00,1.5,3.35,2.31,1.85,0.81
14.07.2021 22:00,1,2.65,3.1,1.65,2.1
14.07.2021 23:00,0.5,2.59,2.64,2.09,2.14
15.07.2021 00:00,0.5,3.01,2.56,2.51,2.06
15.07.2021 01:00,0.4,2.72,2.59,2.32,2.19
15.07.2021 02:00,0.4,2.64,3.08,2.24,2.68
15.07.2021 03:00,0.5,3.03,3.07,2.53,2.57
15.07.2021 04:00,0.5,3.19,3.09,2.69,2.59
15.07.2021 05:00,0.6,3.14,2.24,2.54,1.64
15.07.2021 06:00,0.6,2.67,3.14,2.07,2.54
15.07.2021 07:00,0.7,2.77,3.59,2.07,2.89
15.07.2021 08:00,0.8,2.8,2.76,2,1.96
15.07.2021 09:00,0.9,2.6,2.74,1.7,1.84
15.07.2021 10:00,0.9,3.1,3.15,2.2,2.25
15.07.2021 11:00,1.2,2.67,2.72,1.47,1.52
15.07.2021 12:00,1,2.64,3.06,1.64,2.06
15.07.2021 13:00,0.9,2.64,2.75,1.74,1.85
15.07.2021 14:00,0.9,3.21,2.99,2.31,2.09
15.07.2021 15:00,1,2.77,2.88,1.77,1.88
15.07.2021 16:00,1,2.47,2.78,1.47,1.78
15.07.2021 17:00,0.8,2.34,2.47,1.54,1.67
15.07.2021 18:00,0.7,2.61,2.65,1.91,1.95
15.07.2021 19:00,0.6,2.15,2.92,1.55,2.32
15.07.2021 20:00,0.7,2.38,2.66,1.68,1.96
15.07.2021 21:00,0.9,2.66,2.71,1.76,1.81
15.07.2021 22:00,0.9,2.4,2.9,1.5,2
15.07.2021 23:00,1,2.28,2.57,1.28,1.57
16.07.2021 00:00,1.4,2.44,2.48,1.04,1.08
16.07.2021 01:00,1.5,2.79,2.45,1.29,0.95
16.07.2021 02:00,1.6,3.41,2.17,1.81,0.57
16.07.2021 03:00,1.7,2.32,2.63,0.62,0.93
16.07.2021 04:00,1.9,2.34,2.66,0.44,0.76
16.07.2021 05:00,2.7,3.48,3.23,0.78,0.53
16.07.2021 06:00,1.3,2.76,2.74,1.46,1.44
16.07.2021 07:00,0.9,3.66,3.05,2.76,2.15
16.07.2021 08:00,1.1,4.06,2.62,2.96,1.52
16.07.2021 09:00,1.4,4.6,2.81,3.2,1.41
16.07.2021 10:00,2.2,4.46,3.76,2.26,1.56
16.07.2021 11:00,4.1,2.42,5.13,1.68,1.03
16.07.2021 12:00,4.1,2.95,4.24,1.15,0.14
16.07.2021 13:00,4.4,2.95,4.14,1.45,0.26
16.07.2021 14:00,2.3,2.99,2.45,0.69,0.15
16.07.2021 15:00,2.7,3.58,3.21,0.88,0.51
16.07.2021 16:00,2.2,3.11,2.57,0.91,0.37
16.07.2021 17:00,2.4,3.04,2.95,0.64,0.55
16.07.2021 18:00,2.8,3.5,3.51,0.7,0.71
16.07.2021 19:00,2.6,3.56,2.62,0.96,0.02
16.07.2021 20:00,2.7,4.49,2.87,1.79,0.17
16.07.2021 21:00,3.3,4.79,3.45,1.49,0.15
16.07.2021 22:00,4.2,4.74,4.34,0.54,0.14
16.07.2021 23:00,5.5,6.1,5.21,0.6,0.29
17.07.2021 00:00,5.7,6.33,5.68,0.63,0.02
17.07.2021 01:00,5.6,5.3,5.75,0.3,0.15
17.07.2021 02:00,6.1,5.73,6.87,0.37,0.77
17.07.2021 03:00,5.9,5.66,6.6,0.24,0.7
17.07.2021 04:00,5.4,8.57,6.13,3.17,0.73
17.07.2021 05:00,5.6,10.42,6.31,4.82,0.71
17.07.2021 06:00,5.9,9.88,5.83,3.98,0.07
17.07.2021 07:00,8.2,8.62,9.46,0.42,1.26
17.07.2021 08:00,10.9,8.81,12.94,2.09,2.04
17.07.2021 09:00,10.1,7.6,11.05,2.5,0.95
17.07.2021 10:00,8.9,7.89,9.5,1.01,0.6
17.07.2021 11:00,8,6.92,8.71,1.08,0.71
17.07.2021 12:00,7.8,7.45,8.2,0.35,0.4
17.07.2021 13:00,8.2,6.82,8.45,1.38,0.25
17.07.2021 14:00,8.4,7.6,8.07,0.8,0.33
17.07.2021 15:00,8.1,7.75,7.85,0.35,0.25
17.07.2021 16:00,8.4,6.87,7.51,1.53,0.89
17.07.2021 17:00,8.4,6.96,8.48,1.44,0.08
17.07.2021 18:00,8,7.26,7.8,0.74,0.2
17.07.2021 19:00,7.3,7.64,7.14,0.34,0.16
17.07.2021 20:00,7.5,10.24,7.45,2.74,0.05
17.07.2021 21:00,8.1,12.64,8.82,4.54,0.72
17.07.2021 22:00,8,14.03,8.62,6.03,0.62
17.07.2021 23:00,9.9,14.9,12.72,5,2.82
18.07.2021 00:00,10.7,15.45,13.56,4.75,2.86
18.07.2021 01:00,12.3,15.84,15.08,3.54,2.78
18.07.2021 02:00,13.4,13.01,16.51,0.39,3.11
18.07.2021 03:00,14.1,10.97,18.26,3.13,4.16
18.07.2021 04:00,14.3,10.66,15.98,3.64,1.68
18.07.2021 05:00,12.8,10.59,15.05,2.21,2.25
18.07.2021 06:00,11.1,7.9,12.13,3.2,1.03
18.07.2021 07:00,11.4,7.03,12.12,4.37,0.72
18.07.2021 08:00,11.7,6.38,11.14,5.32,0.56
18.07.2021 09:00,10.4,5.53,9.17,4.87,1.23
18.07.2021 10:00,10.1,5.28,8.2,4.82,1.9
18.07.2021 11:00,9.4,5.24,7.8,4.16,1.6
18.07.2021 12:00,8.3,5.7,5.67,2.6,2.63
18.07.2021 13:00,7.2,5.46,6,1.74,1.2
18.07.2021 14:00,7,5.92,5.75,1.08,1.25
18.07.2021 15:00,6.7,6.31,5.76,0.39,0.94
18.07.2021 16:00,6.8,8,5.69,1.2,1.11
18.07.2021 17:00,7.3,8.63,5.69,1.33,1.61
18.07.2021 18:00,7.9,7.15,6.83,0.75,1.07
18.07.2021 19:00,9.2,8.32,8.73,0.88,0.47
18.07.2021 20:00,9.5,9.24,8.45,0.26,1.05
18.07.2021 21:00,9.1,8.94,8.19,0.16,0.91
18.07.2021 22:00,9.8,9.62,9.74,0.18,0.06
18.07.2021 23:00,10.6,10.21,9.59,0.39,1.01
19.07.2021 00:00,10.6,10.26,10.49,0.34,0.11
19.07.2021 01:00,10.3,10.29,10.22,0.01,0.08
19.07.2021 02:00,10.5,9.11,10.02,1.39,0.48
19.07.2021 03:00,10.4,10.47,10.51,0.07,0.11
19.07.2021 04:00,10.5,10.49,10.91,0.01,0.41
19.07.2021 05:00,10.3,9.59,10.03,0.71,0.27
19.07.2021 06:00,10.2,9.57,10,0.63,0.2
19.07.2021 07:00,11,9.78,10.88,1.22,0.12
19.07.2021 08:00,10.5,7.56,10.05,2.94,0.45
19.07.2021 09:00,10.6,8.33,10.22,2.27,0.38
19.07.2021 10:00,10.9,6.31,10.3,4.59,0.6
19.07.2021 11:00,10.3,5.73,7.96,4.57,2.34
19.07.2021 12:00,10.1,5.61,8.65,4.49,1.45
19.07.2021 13:00,9.4,6.06,8.32,3.34,1.08
19.07.2021 14:00,7.8,5.5,6.1,2.3,1.7
19.07.2021 15:00,8,5.03,6.68,2.97,1.32
19.07.2021 16:00,7.9,4.19,6.75,3.71,1.15
19.07.2021 17:00,7.6,5.81,5.77,1.79,1.83
19.07.2021 18:00,7,5.31,5.14,1.69,1.86
19.07.2021 19:00,6.7,5.17,5.41,1.53,1.29
19.07.2021 20:00,7.8,5.5,5.83,2.3,1.97
19.07.2021 21:00,8.5,5.52,5.59,2.98,2.91
19.07.2021 22:00,8.8,5.9,6.34,2.9,2.46
19.07.2021 23:00,8.9,6.93,6.24,1.97,2.66
20.07.2021 00:00,7.6,7.71,6.09,0.11,1.51
20.07.2021 01:00,7.6,8.12,6.1,0.52,1.5
20.07.2021 02:00,8.1,7.96,6.53,0.14,1.57
20.07.2021 03:00,9.2,9.8,7.62,0.6,1.58
20.07.2021 04:00,9.6,11.69,8.41,2.09,1.19
20.07.2021 05:00,9.6,12.65,8.82,3.05,0.78
20.07.2021 06:00,11,11.79,10.96,0.79,0.04
20.07.2021 07:00,13.5,12.27,13.22,1.23,0.28
20.07.2021 08:00,14.5,11.04,14.28,3.46,0.22
20.07.2021 09:00,14.6,11.15,13.02,3.45,1.58
20.07.2021 10:00,14.7,10.28,12.33,4.42,2.37
20.07.2021 11:00,14.9,12.51,12.27,2.39,2.63
20.07.2021 12:00,13.9,13.41,11.94,0.49,1.96
20.07.2021 13:00,13.8,13.8,11.01,0,2.79
20.07.2021 14:00,14.8,13.22,12.75,1.58,2.05
20.07.2021 15:00,15.8,11.91,13.63,3.89,2.17
20.07.2021 16:00,16.1,12.51,15.11,3.59,0.99
20.07.2021 17:00,15.6,12.77,15.52,2.83,0.08
20.07.2021 18:00,14.8,13.58,12.89,1.22,1.91
20.07.2021 19:00,14.1,15.05,12.2,0.95,1.9
20.07.2021 20:00,17.1,15.06,13.78,2.04,3.32
20.07.2021 21:00,17,13.66,14.04,3.34,2.96
20.07.2021 22:00,17.6,14.5,16.77,3.1,0.83
20.07.2021 23:00,17.2,14.62,14.51,2.58,2.69
21.07.2021 00:00,17.7,14.59,14.79,3.11,2.91
21.07.2021 01:00,17.6,15.5,15.34,2.1,2.26
21.07.2021 02:00,18.1,13.92,16.3,4.18,1.8
21.07.2021 03:00,18,12.87,16.41,5.13,1.59
21.07.2021 04:00,17.1,13.32,14.87,3.78,2.23
21.07.2021 05:00,16.6,11.69,14.97,4.91,1.63
21.07.2021 06:00,15.8,12.75,14.09,3.05,1.71
21.07.2021 07:00,15.5,13.46,13.66,2.04,1.84
21.07.2021 08:00,14.7,14.05,13.22,0.65,1.48
21.07.2021 09:00,15.3,13.97,13.23,1.33,2.07
21.07.2021 10:00,16.4,13.32,14.54,3.08,1.86
21.07.2021 11:00,17.4,12.89,15.42,4.51,1.98
21.07.2021 12:00,17.5,11.9,14.71,5.6,2.79
21.07.2021 13:00,16.8,11.22,14.89,5.58,1.91
21.07.2021 14:00,16,10.65,14.73,5.35,1.27
21.07.2021 15:00,14.6,10.23,13.43,4.37,1.17
21.07.2021 16:00,13.9,11.66,12.54,2.24,1.36
21.07.2021 17:00,12.9,9.85,11.35,3.05,1.55
21.07.2021 18:00,12,10.69,11.36,1.31,0.64
21.07.2021 19:00,12.1,10.77,11.69,1.33,0.41
21.07.2021 20:00,12.8,12.71,11.1,0.09,1.7
21.07.2021 21:00,13.5,11.78,11.95,1.72,1.55
21.07.2021 22:00,14.8,12.94,12.62,1.86,2.18
21.07.2021 23:00,15.7,13.7,14.22,2,1.48